{"mean": [0.41066591604812913, 0.29075519755129897, 0.41065779659251384, 0.2738006483574322, 0.4135961907583665, 0.27454015496015144, 0.4161205690048357, 0.2754839029461384, 0.39943084416784724, 0.27514239236748755, 0.39501059192766175, 0.27668248122925365, 0.39059313153343395, 0.27849144281920063, 0.41722810883200545, 0.29595561610924265, 0.3822271815176501, 0.29961839422601033, 0.4194566716230031, 0.31684609553491905, 0.4054273850221485, 0.3181025208233947, 0.45155841908119654, 0.41865880437894215, 0.37233521942209097, 0.4384742809620347, 0.5144730316603358, 0.53888733465151, 0.40899678620899854, 0.5614558398270632, 0.5714748715948433, 0.57020800400694, 0.45522177502013866, 0.5780447041257586, 0.5899451807271237, 0.5813907606646033, 0.4661917345519181, 0.5943037702803653, 0.5903419427171668, 0.5766619101452679, 0.46876115938324725, 0.5829812297974801, 0.5825491185477671, 0.575632624080705, 0.4661462597714543, 0.577666702407351, 0.4893675330371171, 0.7128236343858235, 0.4401410916609255, 0.7280954072147154, 0.5389778805256068, 0.8631055307334454, 0.48599681926099236, 0.8879110958618812, 0.5374014561613378, 1.130010923425328, 0.47329935863357303, 1.1607076889529129, 0.5304941629824886, 1.1699990832594573, 0.46347605601653225, 1.1982962383908065, 0.5605854460110623, 1.2043707681777334, 0.5080613055908844, 1.234362729360307], "scale": [0.18693461412965398, 0.1722354189427352, 0.19488111826997032, 0.18455755389382986, 0.19627406416943197, 0.1854279685196201, 0.19757416538939734, 0.1866685459075116, 0.19095701175067825, 0.1871112522408991, 0.18973570649688276, 0.18957789091974808, 0.1888093465100348, 0.19261351273984198, 0.19746973045180852, 0.2002388047609195, 0.18501291831484482, 0.20711754081120265, 0.18254092419553064, 0.16979634402414504, 0.17773145341764393, 0.17247536708065542, 0.1789564448119858, 0.17861426380797593, 0.14906363029420563, 0.2063169177757319, 0.1636758691117639, 0.1899940531109509, 0.14441231621534997, 0.22062336997759782, 0.17932839059081357, 0.22908290088777292, 0.2006901478820842, 0.2574678249409604, 0.18974747570149758, 0.2489766801642794, 0.2245274484013609, 0.27923232669323883, 0.19036398120929618, 0.2502589753211355, 0.2246916699092179, 0.27677216449356534, 0.1861786029144802, 0.24367180256302426, 0.21601042935621054, 0.2674898473615239, 0.1429294236663421, 0.2389798297189, 0.13277848988954896, 0.23634201531262147, 0.18201407930549807, 0.405975590848735, 0.19195744394980585, 0.4042281428652653, 0.18872981528955465, 0.4388600143523526, 0.19698471229476577, 0.4355811377806262, 0.1855160163543247, 0.44245400390159845, 0.19293339607942758, 0.4453863179296543, 0.21518073809082536, 0.4615264345865734, 0.23315459629694227, 0.45502448783885663]}